,annual_ret,annual_vol,sharpe
strategy,0.20943560189851396,0.2020151064966869,0.9377298816097238
benchmark,0.13106682602794795,0.12310796019147652,0.9021904501967188
