portfolio,exp_return,volatility,sharpe
max_sharpe,0.14484446528686484,0.18240716649610328,0.6844274141473047
min_vol,0.026474116078194786,0.05397824160633912,0.11993936603956502
